VMName,RecommendDownScaling
ITLT1000,0
ITLT1001,0
ITLT1002,0
ITLT1003,1
ITLT1004,1
ITLT1005,0
ITLT1006,1
ITLT1007,1
ITLT1008,0
ITLT1009,0
ITLT1010,1
ITLT1011,1
ITLT1012,0
ITLT1013,1
ITLT1014,0
ITLT1015,0
ITLT1016,1
ITLT1017,1
ITLT1018,1
ITLT1019,1
ITLT1020,1
ITLT1021,0
ITLT1022,0
ITLT1023,0
ITLT1024,1
ITLT1025,0
ITLT1026,0
ITLT1027,0
ITLT1028,0
ITLT1029,1
ITLT1030,0
ITLT1031,0
ITLT1032,0
ITLT1033,1
ITLT1034,0
ITLT1035,0
ITLT1036,0
ITLT1037,1
ITLT1038,1
ITLT1039,0
ITLT1040,1
ITLT1041,0
ITLT1042,0
ITLT1043,0
ITLT1044,0
ITLT1045,1
ITLT1046,1
ITLT1047,1
ITLT1048,0
ITLT1049,0
ITLT1050,0
ITLT1051,0
ITLT1052,1
ITLT1053,0
ITLT1054,0
ITLT1055,0
ITLT1056,0
ITLT1057,0
ITLT1058,0
ITLT1059,0
ITLT1060,1
ITLT1061,0
ITLT1062,0
ITLT1063,0
ITLT1064,0
ITLT1065,0
ITLT1066,0
ITLT1067,0
ITLT1068,1
ITLT1069,0
ITLT1070,0
ITLT1071,0
ITLT1072,0
ITLT1073,0
ITLT1074,0
ITLT1075,0
ITLT1076,0
ITLT1077,0
ITLT1078,0
ITLT1079,0
ITLT1080,0
ITLT1081,1
ITLT1082,1
ITLT1083,0
ITLT1084,1
ITLT1085,0
ITLT1086,0
ITLT1087,0
ITLT1088,1
ITLT1089,0
ITLT1090,0
ITLT1091,0
ITLT1092,1
ITLT1093,1
ITLT1094,0
ITLT1095,1
ITLT1096,0
ITLT1097,0
ITLT1098,0
ITLT1099,0
ITLT1100,1
ITLT1101,0
ITLT1102,1
ITLT1103,0
ITLT1104,0
ITLT1105,0
ITLT1106,0
ITLT1107,1
ITLT1108,0
ITLT1109,0
ITLT1110,0
ITLT1111,0
ITLT1112,1
ITLT1113,0
ITLT1114,0
ITLT1115,0
ITLT1116,0
ITLT1117,1
ITLT1118,0
ITLT1119,1
ITLT1120,0
ITLT1121,0
ITLT1122,0
ITLT1123,1
ITLT1124,0
ITLT1125,0
ITLT1126,1
ITLT1127,1
ITLT1128,1
ITLT1129,0
ITLT1130,0
ITLT1131,1
ITLT1132,1
ITLT1133,0
ITLT1134,1
ITLT1135,0
ITLT1136,0
ITLT1137,0
ITLT1138,0
ITLT1139,0
ITLT1140,0
ITLT1141,0
ITLT1142,0
ITLT1143,1
ITLT1144,0
ITLT1145,0
ITLT1146,0
ITLT1147,0
ITLT1148,0
ITLT1149,0
ITLT1150,1
ITLT1151,1
ITLT1152,0
ITLT1153,0
ITLT1154,0
ITLT1155,1
ITLT1156,1
ITLT1157,1
ITLT1158,0
ITLT1159,0
ITLT1160,1
ITLT1161,0
ITLT1162,0
ITLT1163,1
ITLT1164,1
ITLT1165,1
ITLT1166,0
ITLT1167,0
ITLT1168,0
ITLT1169,0
ITLT1170,0
ITLT1171,1
ITLT1172,0
ITLT1173,0
ITLT1174,0
ITLT1175,0
ITLT1176,0
ITLT1177,0
ITLT1178,0
ITLT1179,0
ITLT1180,0
ITLT1181,0
ITLT1182,0
ITLT1183,1
ITLT1184,0
ITLT1185,0
ITLT1186,0
ITLT1187,0
ITLT1188,0
ITLT1189,0
ITLT1190,0
ITLT1191,0
ITLT1192,1
ITLT1193,1
ITLT1194,0
ITLT1195,1
ITLT1196,1
ITLT1197,0
ITLT1198,0
ITLT1199,0
ITLT1200,0
ITLT1201,0
ITLT1202,0
ITLT1203,0
ITLT1204,1
ITLT1205,0
ITLT1206,0
ITLT1207,0
ITLT1208,1
ITLT1209,0
ITLT1210,0
ITLT1211,0
ITLT1212,0
ITLT1213,0
ITLT1214,0
ITLT1215,0
ITLT1216,1
ITLT1217,1
ITLT1218,0
ITLT1219,1
ITLT1220,0
ITLT1221,0
ITLT1222,1
ITLT1223,0
ITLT1224,1
ITLT1225,0
ITLT1226,1
ITLT1227,0
ITLT1228,0
ITLT1229,0
ITLT1230,1
ITLT1231,0
ITLT1232,1
ITLT1233,1
ITLT1234,0
ITLT1235,1
ITLT1236,0
ITLT1237,1
ITLT1238,0
ITLT1239,1
ITLT1240,1
ITLT1241,1
ITLT1242,0
ITLT1243,0
ITLT1244,1
ITLT1245,0
ITLT1246,0
ITLT1247,1
ITLT1248,0
ITLT1249,0
ITLT1250,0
ITLT1251,0
ITLT1252,0
ITLT1253,0
ITLT1254,0
ITLT1255,0
ITLT1256,0
ITLT1257,0
ITLT1258,0
ITLT1259,1
ITLT1260,0
ITLT1261,0
ITLT1262,0
ITLT1263,0
ITLT1264,0
ITLT1265,0
ITLT1266,0
ITLT1267,0
ITLT1268,1
ITLT1269,1
ITLT1270,0
ITLT1271,1
ITLT1272,1
ITLT1273,1
ITLT1274,1
ITLT1275,0
ITLT1276,0
ITLT1277,0
ITLT1278,0
ITLT1279,1
ITLT1280,0
ITLT1281,1
ITLT1282,0
ITLT1283,0
ITLT1284,0
ITLT1285,0
ITLT1286,0
ITLT1287,0
ITLT1288,0
ITLT1289,0
ITLT1290,1
ITLT1291,0
ITLT1292,1
ITLT1293,1
ITLT1294,0
ITLT1295,0
ITLT1296,1
ITLT1297,0
ITLT1298,0
ITLT1299,1
ITLT1300,1
ITLT1301,0
ITLT1302,0
ITLT1303,0
ITLT1304,1
ITLT1305,1
ITLT1306,0
ITLT1307,0
ITLT1308,0
ITLT1309,0
ITLT1310,0
ITLT1311,1
ITLT1312,0
ITLT1313,0
ITLT1314,1
ITLT1315,1
ITLT1316,1
ITLT1317,1
ITLT1318,0
ITLT1319,1
ITLT1320,0
ITLT1321,1
ITLT1322,0
ITLT1323,0
ITLT1324,1
ITLT1325,1
ITLT1326,0
ITLT1327,0
ITLT1328,0
ITLT1329,0
ITLT1330,0
ITLT1331,0
ITLT1332,0
ITLT1333,0
ITLT1334,0
ITLT1335,1
ITLT1336,1
ITLT1337,1
ITLT1338,0
ITLT1339,0
ITLT1340,0
ITLT1341,0
ITLT1342,0
ITLT1343,0
ITLT1344,0
ITLT1345,0
ITLT1346,0
ITLT1347,0
ITLT1348,0
ITLT1349,0
ITLT1350,0
ITLT1351,0
ITLT1352,0
ITLT1353,0
ITLT1354,0
ITLT1355,0
ITLT1356,1
ITLT1357,0
ITLT1358,0
ITLT1359,0
ITLT1360,0
ITLT1361,0
ITLT1362,1
ITLT1363,1
ITLT1364,0
ITLT1365,1
ITLT1366,1
ITLT1367,0
ITLT1368,1
ITLT1369,0
ITLT1370,0
ITLT1371,1
ITLT1372,0
ITLT1373,0
ITLT1374,0
ITLT1375,1
ITLT1376,0
ITLT1377,1
ITLT1378,0
ITLT1379,0
ITLT1380,0
ITLT1381,0
ITLT1382,1
ITLT1383,0
ITLT1384,1
ITLT1385,0
ITLT1386,0
ITLT1387,0
ITLT1388,0
ITLT1389,0
ITLT1390,0
ITLT1391,0
ITLT1392,0
ITLT1393,1
ITLT1394,0
ITLT1395,0
ITLT1396,1
ITLT1397,1
ITLT1398,0
ITLT1399,0
ITLT1400,0
ITLT1401,1
ITLT1402,0
ITLT1403,1
ITLT1404,1
ITLT1405,1
ITLT1406,0
ITLT1407,0
ITLT1408,0
ITLT1409,0
ITLT1410,0
ITLT1411,0
ITLT1412,0
ITLT1413,0
ITLT1414,0
ITLT1415,0
ITLT1416,0
ITLT1417,0
ITLT1418,1
ITLT1419,0
ITLT1420,1
ITLT1421,1
ITLT1422,0
ITLT1423,1
ITLT1424,0
ITLT1425,0
ITLT1426,0
ITLT1427,1
ITLT1428,0
ITLT1429,0
ITLT1430,0
ITLT1431,0
ITLT1432,0
ITLT1433,0
ITLT1434,0
ITLT1435,1
ITLT1436,0
ITLT1437,1
ITLT1438,0
ITLT1439,0
ITLT1440,0
ITLT1441,0
ITLT1442,0
ITLT1443,0
ITLT1444,1
ITLT1445,0
ITLT1446,0
ITLT1447,0
ITLT1448,0
ITLT1449,1
ITLT1450,0
ITLT1451,0
ITLT1452,1
ITLT1453,0
ITLT1454,1
ITLT1455,0
ITLT1456,1
ITLT1457,0
ITLT1458,0
ITLT1459,0
ITLT1460,0
ITLT1461,0
ITLT1462,0
ITLT1463,1
ITLT1464,0
ITLT1465,1
ITLT1466,0
ITLT1467,1
ITLT1468,0
ITLT1469,0
ITLT1470,0
ITLT1471,0
ITLT1472,1
ITLT1473,0
ITLT1474,0
ITLT1475,0
ITLT1476,1
ITLT1477,1
ITLT1478,0
ITLT1479,0
ITLT1480,1
ITLT1481,0
ITLT1482,1
ITLT1483,0
ITLT1484,0
ITLT1485,0
ITLT1486,1
ITLT1487,1
ITLT1488,0
ITLT1489,0
ITLT1490,0
ITLT1491,0
ITLT1492,0
ITLT1493,1
ITLT1494,0
ITLT1495,0
ITLT1496,0
ITLT1497,1
ITLT1498,0
ITLT1499,0
ITLT1500,0
ITLT1501,0
ITLT1502,1
ITLT1503,1
ITLT1504,1
ITLT1505,1
ITLT1506,0
ITLT1507,0
ITLT1508,0
ITLT1509,0
ITLT1510,0
ITLT1511,0
ITLT1512,0
ITLT1513,0
ITLT1514,1
ITLT1515,0
ITLT1516,0
ITLT1517,0
ITLT1518,0
ITLT1519,0
ITLT1520,1
ITLT1521,0
ITLT1522,1
ITLT1523,0
ITLT1524,0
ITLT1525,0
ITLT1526,1
ITLT1527,0
ITLT1528,0
ITLT1529,0
ITLT1530,0
ITLT1531,0
ITLT1532,0
ITLT1533,1
ITLT1534,1
ITLT1535,0
ITLT1536,0
ITLT1537,1
ITLT1538,0
ITLT1539,0
ITLT1540,0
ITLT1541,0
ITLT1542,0
ITLT1543,0
ITLT1544,0
ITLT1545,0
ITLT1546,0
ITLT1547,0
ITLT1548,1
ITLT1549,0
ITLT1550,0
ITLT1551,0
ITLT1552,0
ITLT1553,1
ITLT1554,0
ITLT1555,0
ITLT1556,0
ITLT1557,0
ITLT1558,0
ITLT1559,0
ITLT1560,0
ITLT1561,0
ITLT1562,0
ITLT1563,1
ITLT1564,1
ITLT1565,0
ITLT1566,0
ITLT1567,0
ITLT1568,1
ITLT1569,1
ITLT1570,0
ITLT1571,1
ITLT1572,0
ITLT1573,0
ITLT1575,0
ITLT1576,0
ITLT1577,0
ITLT1578,0
ITLT1579,0
ITLT1580,1
ITLT1581,1
ITLT1582,0
ITLT1583,1
ITLT1584,0
ITLT1585,0
ITLT1586,0
ITLT1587,0
ITLT1588,1
ITLT1589,0
ITLT1590,0
ITLT1591,0
ITLT1592,0
ITLT1593,0
ITLT1594,0
ITLT1595,1
ITLT1596,0
ITLT1597,0
ITLT1598,0
ITLT1599,0
ITLT1600,0
ITLT1601,0
ITLT1602,1
ITLT1603,0
ITLT1604,0
ITLT1605,0
ITLT1606,0
ITLT1607,1
ITLT1608,1
ITLT1609,0
ITLT1610,0
ITLT1611,1
ITLT1612,1
ITLT1613,1
ITLT1614,0
ITLT1615,0
ITLT1616,1
ITLT1617,0
ITLT1618,0
ITLT1619,0
ITLT1620,0
ITLT1621,1
ITLT1622,0
ITLT1623,0
ITLT1624,1
ITLT1625,0
ITLT1626,0
ITLT1627,0
ITLT1628,0
ITLT1629,0
ITLT1630,0
ITLT1631,0
ITLT1632,0
ITLT1633,0
ITLT1634,0
ITLT1635,0
ITLT1636,0
ITLT1637,0
ITLT1638,1
ITLT1639,0
ITLT1640,0
ITLT1641,1
ITLT1642,0
ITLT1643,0
ITLT1644,0
ITLT1645,0
ITLT1646,0
ITLT1647,1
ITLT1648,1
ITLT1649,0
ITLT1650,0
ITLT1651,1
ITLT1652,1
ITLT1653,0
ITLT1654,0
ITLT1655,0
ITLT1656,0
ITLT1657,0
ITLT1658,1
ITLT1659,0
ITLT1660,1
ITLT1661,0
ITLT1662,1
ITLT1663,1
ITLT1664,0
ITLT1665,0
ITLT1666,0
ITLT1667,1
ITLT1668,1
ITLT1669,0
ITLT1670,0
ITLT1671,0
ITLT1672,0
ITLT1673,1
ITLT1674,0
ITLT1675,0
ITLT1676,0
ITLT1677,0
ITLT1678,0
ITLT1679,0
ITLT1680,0
ITLT1681,0
ITLT1682,1
ITLT1683,0
ITLT1684,0
ITLT1685,0
ITLT1686,0
ITLT1687,0
ITLT1688,0
ITLT1689,0
ITLT1690,1
ITLT1691,0
ITLT1692,1
ITLT1693,0
ITLT1694,0
ITLT1695,0
ITLT1696,1
ITLT1697,0
ITLT1698,0
ITLT1699,0
ITLT1700,0
ITLT1701,0
ITLT1702,0
ITLT1703,1
ITLT1704,0
ITLT1705,0
ITLT1706,0
ITLT1707,0
ITLT1708,0
ITLT1709,1
ITLT1711,0
ITLT1712,1
ITLT1713,0
ITLT1714,0
ITLT1715,0
ITLT1716,0
ITLT1717,1
ITLT1718,0
ITLT1719,0
ITLT1720,0
ITLT1721,0
ITLT1722,0
ITLT1723,0
ITLT1724,0
ITLT1725,0
ITLT1726,1
ITLT1727,0
ITLT1728,0
ITLT1729,0
ITLT1730,0
ITLT1731,1
ITLT1732,0
ITLT1733,0
ITLT1734,0
ITLT1735,1
ITLT1736,1
ITLT1737,1
ITLT1738,0
ITLT1739,1
ITLT1740,1
ITLT1741,0
ITLT1742,0
ITLT1743,1
ITLT1744,0
ITLT1745,0
ITLT1746,0
ITLT1747,1
ITLT1748,1
ITLT1749,0
ITLT1750,1
ITLT1751,0
ITLT1752,0
ITLT1753,1
ITLT1754,1
ITLT1755,0
ITLT1756,0
ITLT1757,0
ITLT1758,1
ITLT1759,0
ITLT1760,1
ITLT1761,0
ITLT1762,0
ITLT1763,0
ITLT1764,0
ITLT1765,0
ITLT1766,0
ITLT1767,0
ITLT1768,0
ITLT1769,0
ITLT1770,0
ITLT1771,0
ITLT1772,1
ITLT1773,0
ITLT1774,0
ITLT1775,1
ITLT1776,1
ITLT1777,1
ITLT1778,0
ITLT1779,0
ITLT1780,0
ITLT1781,0
ITLT1782,0
ITLT1783,0
ITLT1784,1
ITLT1785,1
ITLT1786,1
ITLT1787,1
ITLT1788,0
ITLT1789,1
ITLT1790,1
ITLT1791,0
ITLT1792,0
ITLT1793,0
ITLT1794,0
ITLT1795,0
ITLT1796,0
ITLT1797,1
ITLT1798,0
ITLT1799,0
ITLT1800,0
ITLT1801,1
ITLT1802,0
ITLT1803,1
ITLT1804,1
ITLT1805,0
ITLT1806,1
ITLT1807,0
ITLT1808,0
ITLT1809,0
ITLT1810,0
ITLT1811,0
ITLT1812,0
ITLT1813,1
ITLT1814,0
ITLT1815,0
ITLT1816,0
ITLT1817,0
ITLT1818,0
ITLT1819,0
ITLT1820,1
ITLT1821,0
ITLT1822,0
ITLT1823,0
ITLT1824,0
ITLT1825,0
ITLT1826,0
ITLT1827,0
ITLT1828,1
ITLT1829,1
ITLT1830,0
ITLT1831,0
ITLT1832,1
ITLT1833,0
ITLT1834,0
ITLT1835,0
ITLT1836,1
ITLT1837,1
ITLT1838,0
ITLT1839,0
ITLT1840,0
ITLT1841,1
ITLT1842,0
ITLT1843,0
ITLT1844,0
ITLT1845,1
ITLT1846,0
ITLT1847,1
ITLT1848,0
ITLT1849,1
ITLT1850,0
ITLT1851,0
ITLT1852,0
ITLT1853,0
ITLT1854,0
ITLT1855,1
ITLT1856,1
ITLT1857,0
ITLT1858,0
ITLT1859,0
ITLT1860,0
ITLT1861,0
ITLT1862,1
ITLT1863,1
ITLT1864,0
ITLT1865,0
ITLT1866,0
ITLT1867,0
ITLT1868,0
ITLT1869,0
ITLT1870,0
ITLT1871,0
ITLT1872,0
ITLT1873,0
ITLT1874,0
ITLT1875,1
ITLT1876,0
ITLT1877,0
ITLT1878,1
ITLT1879,0
ITLT1880,0
ITLT1881,1
ITLT1882,1
ITLT1883,0
ITLT1884,0
ITLT1885,1
ITLT1886,0
ITLT1887,0
ITLT1888,0
ITLT1889,1
ITLT1890,1
ITLT1891,0
ITLT1892,0
ITLT1893,0
ITLT1894,1
ITLT1895,0
ITLT1896,0
ITLT1897,1
ITLT1898,0
ITLT1899,1
ITLT1900,1
ITLT1901,0
ITLT1902,0
ITLT1903,0
ITLT1904,1
ITLT1905,0
ITLT1906,1
ITLT1907,0
ITLT1908,0
ITLT1909,0
ITLT1910,0
ITLT1911,0
ITLT1912,0
ITLT1913,0
ITLT1914,0
ITLT1915,0
ITLT1916,0
ITLT1917,0
ITLT1918,0
ITLT1919,0
ITLT1920,1
ITLT1921,0
ITLT1922,0
ITLT1923,1
ITLT1924,0
ITLT1925,0
ITLT1926,0
ITLT1927,1
ITLT1928,0
ITLT1929,0
ITLT1930,0
ITLT1931,0
ITLT1932,0
ITLT1933,0
ITLT1934,0
ITLT1935,1
ITLT1936,1
ITLT1937,0
ITLT1938,0
ITLT1939,0
ITLT1940,0
ITLT1941,0
ITLT1942,0
ITLT1943,0
ITLT1944,1
ITLT1945,0
ITLT1946,1
ITLT1947,0
ITLT1948,0
ITLT1949,1
ITLT1950,1
ITLT1951,0
ITLT1952,0
ITLT1953,0
ITLT1954,1
ITLT1955,0
ITLT1956,0
ITLT1957,0
ITLT1958,0
ITLT1959,1
ITLT1960,0
ITLT1961,1
ITLT1962,0
ITLT1963,0
ITLT1964,1
ITLT1965,1
ITLT1966,0
ITLT1967,0
ITLT1968,1
ITLT1969,0
ITLT1970,1
ITLT1971,0
ITLT1972,1
ITLT1973,0
ITLT1974,0
ITLT1975,0
ITLT1976,0
ITLT1977,0
ITLT1978,0
ITLT1979,0
ITLT1980,0
ITLT1981,0
ITLT1982,0
ITLT1983,0
ITLT1984,0
ITLT1985,0
ITLT1986,0
ITLT1987,0
ITLT1988,0
ITLT1989,0
ITLT1990,0
ITLT1991,0
ITLT1992,1
ITLT1993,0
ITLT1994,0
ITLT1995,0
ITLT1996,0
ITLT1997,0
ITLT1998,1
ITLT1999,1
ITLT2000,1
ITLT2001,0
ITLT2002,0
ITLT2003,0
ITLT2004,0
ITLT2005,0
ITLT2006,1
ITLT2007,0
ITLT2008,0
ITLT2009,0
ITLT2010,0
ITLT2011,1
ITLT2012,0
ITLT2013,1
ITLT2014,0
ITLT2015,0
ITLT2016,0
ITLT2017,0
ITLT2018,0
ITLT2019,1
ITLT2020,1
ITLT2021,0
ITLT2022,0
ITLT2023,0
ITLT2024,0
ITLT2025,0
ITLT2026,0
ITLT2027,0
ITLT2028,0
ITLT2029,0
ITLT2030,0
ITLT2031,0
ITLT2032,0
ITLT2033,1
ITLT2034,0
ITLT2035,0
ITLT2036,1
ITLT2037,1
ITLT2038,1
ITLT2039,1
ITLT2040,0
ITLT2041,0
ITLT2042,0
ITLT2043,0
ITLT2044,0
ITLT2045,0
ITLT2046,1
ITLT2047,0
ITLT2048,0
ITLT2049,0
ITLT2050,1
ITLT2051,0
ITLT2052,0
ITLT2053,1
ITLT2054,0
ITLT2055,0
ITLT2056,0
ITLT2057,1
ITLT2058,0
ITLT2059,0
ITLT2060,0
ITLT2061,1
ITLT2062,0
ITLT2063,0
ITLT2064,0
ITLT2065,0
ITLT2066,1
ITLT2067,0
ITLT2068,0
ITLT2069,0
ITLT2070,0
ITLT2071,0
ITLT2072,1
ITLT2073,0
ITLT2074,0
ITLT2075,0
ITLT2076,0
ITLT2077,1
ITLT2078,0
ITLT2079,0
ITLT2080,1
ITLT2081,1
ITLT2082,0
ITLT2083,1
ITLT2084,1
ITLT2085,0
ITLT2086,0
ITLT2087,0
ITLT2088,0
ITLT2089,1
ITLT2090,1
ITLT2091,0
ITLT2092,0
ITLT2093,1
ITLT2094,0
ITLT2095,1
ITLT2096,0
ITLT2097,1
ITLT2098,0
ITLT2099,0
ITLT2100,0
ITLT2101,0
ITLT2102,0
ITLT2103,0
ITLT2104,0
ITLT2105,1
ITLT2106,0
ITLT2107,0
ITLT2108,1
ITLT2109,1
ITLT2110,0
ITLT2111,0
ITLT2112,1
ITLT2113,1
ITLT2114,0
ITLT2115,1
ITLT2116,0
ITLT2117,1
ITLT2118,0
ITLT2119,0
ITLT2120,1
ITLT2121,0
ITLT2122,0
ITLT2123,0
ITLT2124,1
ITLT2125,0
ITLT2126,0
ITLT2127,0
ITLT2128,1
ITLT2129,0
ITLT2130,1
ITLT2131,0
ITLT2132,0
ITLT2133,0
ITLT2134,1
ITLT2135,0
ITLT2136,0
ITLT2137,0
ITLT2138,0
ITLT2139,1
ITLT2140,0
ITLT2141,0
ITLT2142,1
ITLT2143,1
ITLT2144,0
ITLT2145,0
ITLT2146,0
ITLT2147,1
ITLT2148,0
ITLT2149,0
ITLT2150,0
ITLT2151,0
ITLT2152,0
ITLT2153,0
ITLT2154,0
ITLT2155,0
ITLT2156,0
ITLT2157,0
ITLT2158,1
ITLT2159,0
ITLT2160,0
ITLT2161,0
ITLT2162,1
ITLT2163,0
ITLT2164,0
ITLT2165,0
ITLT2166,1
ITLT2167,0
ITLT2168,0
ITLT2169,0
ITLT2170,0
ITLT2171,0
ITLT2172,1
ITLT2173,0
ITLT2174,0
ITLT2175,0
ITLT2176,0
ITLT2177,1
ITLT2178,0
ITLT2179,0
ITLT2180,0
ITLT2181,0
ITLT2182,1
ITLT2183,0
ITLT2184,0
ITLT2185,0
ITLT2186,0
ITLT2187,1
ITLT2188,0
ITLT2189,0
ITLT2190,1
ITLT2191,0
ITLT2192,0
ITLT2193,0
ITLT2194,0
ITLT2195,1
ITLT2196,1
ITLT2197,0
ITLT2198,1
ITLT2199,1
ITLT2200,0
ITLT2201,1
ITLT2202,1
ITLT2203,1
ITLT2204,0
ITLT2205,0
ITLT2206,0
ITLT2207,0
ITLT2208,0
ITLT2209,0
ITLT2210,0
ITLT2211,0
ITLT2212,1
ITLT2213,1
ITLT2214,0
ITLT2215,0
ITLT2216,0
ITLT2218,0
ITLT2219,1
ITLT2220,0
ITLT2221,0
ITLT2222,1
ITLT2223,0
ITLT2224,0
ITLT2225,0
ITLT2226,0
ITLT2227,0
ITLT2228,0
ITLT2229,0
ITLT2230,0
ITLT2231,1
ITLT2232,0
ITLT2233,0
ITLT2234,0
ITLT2235,0
ITLT2236,0
ITLT2237,0
ITLT2238,0
ITLT2239,0
ITLT2240,0
ITLT2241,0
ITLT2242,0
ITLT2243,0
ITLT2244,0
ITLT2245,0
ITLT2246,1
ITLT2247,1
ITLT2248,0
ITLT2249,1
ITLT2250,0
ITLT2251,0
ITLT2252,0
ITLT2253,0
ITLT2254,0
ITLT2255,0
ITLT2256,0
ITLT2257,0
ITLT2258,0
ITLT2259,0
ITLT2260,0
ITLT2261,0
ITLT2262,1
ITLT2263,0
ITLT2264,0
ITLT2265,1
ITLT2266,0
ITLT2267,1
ITLT2268,1
ITLT2269,0
ITLT2270,0
ITLT2271,1
ITLT2272,0
ITLT2273,0
ITLT2274,1
ITLT2275,0
ITLT2276,0
ITLT2277,1
ITLT2278,0
ITLT2279,0
ITLT2280,0
ITLT2281,1
ITLT2282,1
ITLT2283,0
ITLT2284,1
ITLT2285,0
ITLT2286,0
ITLT2287,1
ITLT2288,0
ITLT2289,1
ITLT2290,1
ITLT2291,0
ITLT2292,0
ITLT2293,1
ITLT2294,0
ITLT2295,0
ITLT2296,1
ITLT2297,0
ITLT2298,0
ITLT2299,0
ITLT2300,1
ITLT2301,0
ITLT2302,1
ITLT2303,0
ITLT2304,0
ITLT2305,1
ITLT2306,1
ITLT2307,0
ITLT2308,0
ITLT2309,0
ITLT2310,0
ITLT2311,1
ITLT2312,0
ITLT2313,0
ITLT2314,0
ITLT2315,0
ITLT2316,0
ITLT2317,0
ITLT2318,0
ITLT2319,0
ITLT2320,0
ITLT2321,0
ITLT2322,0
ITLT2323,1
ITLT2324,1
ITLT2325,1
ITLT2326,0
ITLT2327,0
ITLT2328,0
ITLT2329,0
ITLT2330,1
ITLT2331,0
ITLT2332,1
ITLT2333,0
ITLT2334,0
ITLT2335,0
ITLT2336,1
ITLT2337,0
ITLT2338,1
ITLT2339,0
ITLT2340,1
ITLT2341,0
ITLT2342,1
ITLT2343,0
ITLT2344,0
ITLT2345,0
ITLT2346,1
ITLT2347,1
ITLT2348,1
ITLT2349,0
ITLT2350,0
ITLT2351,1
ITLT2352,1
ITLT2353,0
ITLT2354,0
ITLT2355,1
ITLT2356,0
ITLT2357,1
ITLT2358,1
ITLT2359,0
ITLT2360,1
ITLT2361,0
ITLT2362,0
ITLT2363,1
ITLT2364,0
ITLT2365,1
ITLT2366,1
ITLT2367,1
ITLT2368,0
ITLT2369,0
ITLT2370,0
ITLT2371,1
ITLT2372,0
ITLT2373,0
ITLT2374,0
ITLT2375,0
ITLT2376,0
ITLT2377,1
ITLT2378,0
ITLT2379,0
ITLT2380,1
ITLT2381,0
ITLT2382,1
ITLT2383,0
ITLT2384,1
ITLT2385,0
ITLT2386,0
ITLT2387,1
ITLT2388,0
ITLT2389,0
ITLT2390,1
ITLT2391,0
ITLT2392,0
ITLT2393,0
ITLT2394,0
ITLT2395,0
ITLT2396,0
ITLT2397,0
ITLT2398,0
ITLT2399,0
ITLT2400,0
ITLT2401,1
ITLT2402,0
ITLT2403,0
ITLT2404,0
ITLT2405,0
ITLT2406,1
ITLT2407,0
ITLT2408,1
ITLT2409,1
ITLT2410,0
ITLT2411,0
ITLT2412,1
ITLT2413,0
ITLT2414,0
ITLT2415,0
ITLT2416,0
ITLT2417,0
ITLT2418,0
ITLT2419,1
ITLT2420,1
ITLT2421,0
ITLT2422,0
ITLT2423,0
ITLT2424,0
ITLT2425,0
ITLT2426,1
ITLT2427,0
ITLT2428,0
ITLT2429,0
ITLT2430,1
ITLT2431,0
ITLT2432,0
ITLT2433,0
ITLT2434,0
ITLT2435,0
ITLT2436,1
ITLT2437,0
ITLT2438,1
ITLT2439,0
ITLT2440,1
ITLT2441,1
ITLT2442,0
ITLT2443,0
ITLT2444,0
ITLT2445,0
ITLT2446,0
ITLT2447,0
ITLT2448,0
ITLT2449,0
ITLT2450,0
ITLT2451,1
ITLT2452,1
ITLT2453,0
ITLT2454,0
ITLT2455,1
ITLT2456,0
ITLT2457,0
ITLT2458,1
ITLT2459,1
ITLT2460,0
ITLT2461,0
ITLT2462,1
ITLT2463,0
ITLT2464,0
ITLT2465,0
ITLT2466,1
ITLT2467,0
ITLT2468,0
ITLT2469,0
ITLT2470,0
ITLT2471,0
ITLT2472,0
ITLT2473,0
ITLT2474,0
ITLT2475,0
ITLT2476,1
ITLT2477,0
ITLT2478,0
ITLT2479,1
ITLT2480,1
ITLT2481,0
ITLT2482,0
ITLT2483,0
ITLT2484,0
ITLT2485,1
ITLT2486,0
ITLT2487,0
ITLT2488,0
ITLT2489,0
ITLT2490,0
ITLT2491,1
ITLT2492,0
ITLT2493,0
ITLT2494,0
ITLT2495,0
ITLT2496,0
ITLT2497,1
ITLT2498,1
ITLT2499,0
ITLT2500,0
ITLT2501,1
ITLT2502,0
ITLT2503,0
ITLT2504,1
ITLT2505,0
ITLT2506,1
ITLT2507,0
ITLT2508,0
ITLT2509,0
ITLT2510,1
ITLT2511,0
ITLT2512,0
ITLT2513,1
ITLT2514,1
ITLT2515,1
ITLT2516,0
ITLT2517,0
ITLT2518,0
ITLT2519,1
ITLT2520,0
ITLT2521,0
ITLT2522,0
ITLT2523,0
ITLT2524,0
ITLT2525,1
ITLT2526,0
ITLT2527,0
ITLT2528,0
ITLT2529,0
ITLT2530,0
ITLT2531,1
ITLT2532,0
ITLT2533,0
ITLT2534,1
ITLT2535,0
ITLT2536,0
ITLT2537,0
ITLT2538,0
ITLT2539,0
ITLT2540,1
ITLT2541,0
ITLT2542,1
ITLT2543,0
ITLT2544,0
ITLT2545,1
ITLT2546,0
ITLT2547,0
ITLT2548,0
ITLT2549,0
ITLT2550,0
ITLT2551,0
ITLT2552,0
ITLT2553,1
ITLT2554,1
ITLT2555,1
ITLT2556,0
ITLT2557,0
ITLT2558,0
ITLT2559,0
ITLT2560,1
ITLT2561,0
ITLT2562,0
ITLT2563,0
ITLT2564,0
ITLT2565,1
ITLT2566,0
ITLT2567,1
ITLT2568,0
ITLT2569,0
ITLT2570,1
ITLT2571,0
ITLT2572,1
ITLT2573,1
ITLT2574,0
ITLT2575,0
ITLT2576,1
ITLT2577,0
ITLT2578,1
ITLT2579,0
ITLT2580,0
ITLT2581,0
ITLT2582,0
ITLT2583,0
ITLT2584,0
ITLT2585,1
ITLT2586,0
ITLT2587,0
ITLT2588,1
ITLT2589,0
ITLT2590,0
ITLT2591,0
ITLT2592,1
ITLT2593,0
ITLT2594,0
ITLT2595,1
ITLT2596,0
ITLT2597,0
ITLT2598,0
ITLT2599,1
ITLT2600,0
ITLT2601,0
ITLT2602,1
ITLT2603,0
ITLT2604,0
ITLT2605,0
ITLT2606,0
ITLT2607,0
ITLT2608,0
ITLT2609,1
ITLT2610,0
ITLT2611,0
ITLT2612,0
ITLT2613,1
ITLT2614,1
ITLT2615,0
ITLT2616,0
ITLT2617,0
ITLT2618,0
ITLT2619,0
ITLT2620,0
ITLT2621,0
ITLT2622,1
ITLT2623,0
ITLT2624,0
ITLT2625,0
ITLT2626,0
ITLT2627,0
ITLT2628,0
ITLT2629,0
ITLT2630,0
ITLT2631,1
ITLT2632,0
ITLT2633,1
ITLT2634,0
ITLT2635,0
ITLT2636,0
ITLT2637,0
ITLT2638,1
ITLT2639,0
ITLT2640,1
ITLT2641,1
ITLT2642,0
ITLT2643,0
ITLT2644,1
ITLT2645,1
ITLT2646,0
ITLT2647,0
ITLT2648,0
ITLT2649,0
ITLT2650,0
ITLT2651,0
ITLT2652,0
ITLT2653,1
ITLT2654,0
ITLT2655,0
ITLT2656,0
ITLT2657,1
ITLT2658,1
ITLT2659,0
ITLT2660,0
ITLT2661,1
ITLT2662,0
ITLT2663,0
ITLT2664,0
ITLT2665,1
ITLT2666,0
ITLT2667,1
ITLT2668,1
ITLT2669,0
ITLT2670,1
ITLT2671,0
ITLT2672,0
ITLT2673,1
ITLT2674,0
ITLT2675,1
ITLT2676,0
ITLT2677,0
ITLT2678,1
ITLT2679,1
ITLT2680,1
ITLT2681,1
ITLT2682,0
ITLT2683,1
ITLT2684,0
ITLT2685,1
ITLT2686,1
ITLT2687,0
ITLT2688,0
ITLT2689,0
ITLT2690,1
ITLT2691,0
ITLT2692,0
ITLT2693,1
ITLT2694,0
ITLT2695,0
ITLT2696,0
ITLT2697,0
ITLT2698,1
ITLT2699,0
ITLT2700,0
ITLT2701,0
ITLT2702,0
ITLT2703,0
ITLT2704,1
ITLT2705,0
ITLT2706,0
ITLT2707,0
ITLT2708,0
ITLT2709,1
ITLT2710,0
ITLT2711,0
ITLT2712,1
ITLT2713,0
ITLT2714,0
ITLT2715,1
ITLT2716,0
ITLT2717,0
ITLT2718,0
ITLT2719,0
ITLT2720,0
ITLT2721,0
ITLT2722,1
ITLT2723,0
ITLT2724,0
ITLT2725,0
ITLT2726,1
ITLT2727,0
ITLT2728,0
ITLT2729,1
ITLT2730,0
ITLT2731,0
ITLT2732,1
ITLT2733,0
ITLT2734,1
ITLT2735,0
ITLT2736,0
ITLT2737,0
ITLT2738,0
ITLT2739,1
ITLT2740,0
ITLT2741,0
ITLT2742,0
ITLT2743,1
ITLT2744,1
ITLT2745,0
ITLT2746,0
ITLT2747,0
ITLT2748,0
ITLT2749,0
ITLT2750,1
ITLT2751,0
ITLT2752,0
ITLT2753,0
ITLT2754,0
ITLT2755,0
ITLT2756,0
ITLT2757,1
ITLT2758,0
ITLT2759,0
ITLT2760,1
ITLT2761,0
ITLT2762,0
ITLT2763,1
ITLT2764,1
ITLT2765,1
ITLT2766,1
ITLT2767,0
ITLT2768,0
ITLT2769,0
ITLT2770,0
ITLT2771,0
ITLT2772,1
ITLT2773,0
ITLT2774,0
ITLT2775,0
ITLT2776,0
ITLT2777,0
ITLT2778,0
ITLT2779,0
ITLT2780,0
ITLT2781,0
ITLT2782,0
ITLT2783,1
ITLT2784,0
ITLT2785,1
ITLT2786,0
ITLT2787,0
ITLT2788,0
ITLT2789,0
ITLT2790,0
ITLT2791,0
ITLT2792,1
ITLT2793,0
ITLT2794,1
ITLT2795,0
ITLT2796,0
ITLT2797,0
ITLT2798,0
ITLT2799,0
ITLT2800,0
ITLT2801,0
ITLT2802,1
ITLT2803,0
ITLT2804,0
ITLT2805,0
ITLT2806,0
ITLT2807,1
ITLT2808,0
ITLT2809,1
ITLT2810,1
ITLT2811,1
ITLT2812,0
ITLT2813,0
ITLT2814,0
ITLT2815,0
ITLT2816,0
ITLT2817,1
ITLT2818,0
ITLT2819,0
ITLT2820,0
ITLT2821,0
ITLT2822,1
ITLT2823,0
ITLT2824,0
ITLT2825,0
ITLT2826,1
ITLT2827,0
ITLT2828,1
ITLT2830,0
ITLT2831,0
ITLT2832,0
ITLT2833,0
ITLT2834,0
ITLT2835,0
ITLT2836,1
ITLT2837,1
ITLT2838,0
ITLT2839,0
ITLT2840,0
ITLT2841,0
ITLT2842,0
ITLT2843,0
ITLT2844,0
ITLT2845,1
ITLT2846,0
ITLT2847,0
ITLT2848,1
ITLT2849,0
ITLT2850,0
ITLT2851,0
ITLT2852,1
ITLT2853,0
ITLT2854,0
ITLT2855,1
ITLT2856,0
ITLT2857,0
ITLT2858,0
ITLT2859,0
ITLT2860,0
ITLT2861,1
ITLT2862,1
ITLT2863,0
ITLT2864,0
ITLT2865,1
ITLT2866,0
ITLT2867,1
ITLT2868,1
ITLT2869,1
ITLT2870,0
ITLT2871,0
ITLT2872,0
ITLT2873,0
ITLT2874,1
ITLT2875,1
ITLT2876,0
ITLT2877,1
ITLT2878,0
ITLT2879,0
ITLT2880,1
ITLT2881,0
ITLT2882,0
ITLT2883,1
ITLT2884,1
ITLT2885,0
ITLT2886,1
ITLT2887,1
ITLT2888,0
ITLT2889,1
ITLT2890,1
ITLT2891,0
ITLT2892,0
ITLT2893,0
ITLT2894,0
ITLT2895,0
ITLT2896,0
ITLT2897,1
ITLT2898,1
ITLT2899,0
ITLT2900,0
ITLT2901,0
ITLT2902,0
ITLT2903,0
ITLT2904,0
ITLT2905,0
ITLT2906,0
ITLT2907,0
ITLT2908,0
ITLT2909,0
ITLT2910,0
ITLT2911,0
ITLT2912,0
ITLT2913,0
ITLT2914,0
ITLT2915,0
ITLT2916,0
ITLT2917,0
ITLT2918,1
ITLT2919,0
ITLT2920,0
ITLT2921,1
ITLT2922,0
ITLT2923,0
ITLT2924,0
ITLT2925,0
ITLT2926,0
ITLT2927,1
ITLT2928,0
ITLT2929,0
ITLT2930,0
ITLT2931,0
ITLT2932,0
ITLT2933,0
ITLT2934,0
ITLT2935,1
ITLT2936,0
ITLT2937,1
ITLT2938,0
ITLT2939,0
ITLT2940,0
ITLT2941,0
ITLT2942,0
ITLT2943,0
ITLT2944,0
ITLT2945,0
ITLT2946,0
ITLT2947,1
ITLT2948,1
ITLT2949,0
ITLT2950,0
ITLT2951,0
ITLT2952,0
ITLT2953,0
ITLT2954,1
ITLT2955,1
ITLT2956,0
ITLT2957,0
ITLT2958,0
ITLT2959,0
ITLT2960,0
ITLT2961,0
ITLT2962,1
ITLT2963,1
ITLT2964,1
ITLT2965,1
ITLT2966,0
ITLT2967,0
ITLT2968,0
ITLT2969,1
ITLT2970,0
ITLT2971,0
ITLT2972,1
ITLT2973,0
ITLT2974,1
ITLT2975,1
ITLT2976,1
ITLT2977,1
ITLT2978,0
ITLT2979,0
ITLT2980,0
ITLT2981,0
ITLT2982,0
ITLT2983,0
ITLT2984,0
ITLT2985,0
ITLT2986,0
ITLT2987,0
ITLT2988,1
ITLT2989,0
ITLT2990,0
ITLT2991,0
ITLT2992,0
ITLT2993,0
ITLT2994,0
ITLT2995,0
ITLT2996,0
ITLT2997,1
ITLT2998,0
ITLT2999,0
ITLT3000,0
ITLT3001,0
ITLT3002,0
ITLT3003,0
ITLT3004,0
ITLT3005,0
ITLT3006,0
ITLT3007,0
ITLT3008,1
ITLT3009,0
ITLT3010,0
ITLT3011,1
ITLT3012,0
ITLT3013,0
ITLT3014,0
ITLT3015,0
ITLT3016,0
ITLT3017,0
ITLT3018,0
ITLT3019,0
ITLT3020,1
ITLT3021,1
ITLT3022,0
ITLT3023,1
ITLT3024,0
ITLT3025,0
ITLT3026,0
ITLT3027,0
ITLT3028,1
ITLT3029,1
ITLT3030,0
ITLT3031,0
ITLT3032,0
ITLT3033,1
ITLT3034,0
ITLT3035,0
ITLT3036,1
ITLT3037,1
ITLT3038,0
ITLT3039,0
ITLT3040,0
ITLT3041,0
ITLT3042,0
ITLT3043,1
ITLT3044,0
ITLT3045,1
ITLT3046,1
ITLT3047,1
ITLT3048,0
ITLT3049,1
ITLT3050,1
ITLT3051,1
ITLT3052,0
ITLT3053,1
ITLT3054,1
ITLT3055,0
ITLT3056,0
ITLT3057,0
ITLT3058,0
ITLT3059,0
ITLT3060,0
ITLT3061,0
ITLT3062,0
ITLT3063,1
ITLT3064,1
ITLT3065,1
ITLT3066,0
ITLT3067,0
ITLT3068,0
ITLT3069,0
ITLT3070,0
ITLT3071,1
ITLT3072,0
ITLT3073,0
ITLT3074,0
ITLT3075,0
ITLT3076,0
ITLT3077,0
ITLT3078,0
ITLT3079,0
ITLT3080,0
ITLT3081,1
ITLT3082,0
ITLT3083,0
ITLT3084,1
ITLT3085,0
ITLT3086,1
ITLT3087,0
ITLT3088,1
ITLT3089,0
ITLT3090,0
ITLT3091,1
ITLT3092,0
ITLT3093,0
ITLT3094,1
ITLT3095,0
ITLT3096,1
ITLT3097,0
ITLT3098,0
ITLT3099,1
ITLT3100,1
ITLT3101,1
ITLT3102,1
ITLT3103,0
ITLT3104,0
ITLT3105,0
ITLT3106,0
ITLT3107,0
ITLT3108,0
ITLT3109,1
ITLT3110,1
ITLT3111,0
ITLT3112,0
ITLT3113,0
ITLT3114,0
ITLT3115,1
ITLT3116,1
ITLT3117,1
ITLT3118,0
ITLT3119,0
ITLT3120,1
ITLT3121,1
ITLT3122,0
ITLT3123,1
ITLT3124,1
ITLT3125,1
ITLT3126,0
ITLT3127,0
ITLT3128,0
ITLT3129,1
ITLT3130,0
ITLT3131,1
ITLT3132,0
ITLT3133,1
ITLT3134,1
ITLT3135,0
ITLT3136,0
ITLT3137,0
ITLT3138,0
ITLT3139,0
ITLT3140,0
ITLT3141,0
ITLT3142,0
ITLT3143,0
ITLT3144,1
ITLT3145,1
ITLT3146,0
ITLT3147,0
ITLT3148,0
ITLT3149,1
ITLT3150,1
ITLT3151,0
ITLT3152,1
ITLT3153,0
ITLT3154,1
ITLT3155,0
ITLT3156,0
ITLT3157,1
ITLT3158,0
ITLT3159,1
ITLT3160,0
ITLT3161,0
ITLT3162,0
ITLT3163,1
ITLT3164,0
ITLT3165,0
ITLT3166,1
ITLT3167,1
ITLT3168,0
ITLT3169,0
ITLT3170,0
ITLT3171,1
ITLT3172,0
ITLT3173,0
ITLT3174,0
ITLT3175,1
ITLT3176,0
ITLT3177,1
ITLT3178,0
ITLT3179,1
ITLT3180,0
ITLT3181,0
ITLT3182,0
ITLT3183,1
ITLT3184,1
ITLT3185,1
ITLT3186,0
ITLT3187,0
ITLT3188,0
ITLT3189,0
ITLT3190,0
ITLT3191,0
ITLT3192,1
ITLT3193,0
ITLT3194,1
ITLT3195,0
ITLT3196,1
ITLT3197,0
ITLT3198,1
ITLT3199,1
ITLT3200,0
ITLT3201,0
ITLT3202,1
ITLT3203,1
ITLT3204,0
ITLT3205,0
ITLT3206,0
ITLT3207,0
ITLT3208,0
ITLT3209,1
ITLT3210,1
ITLT3211,1
ITLT3212,0
ITLT3213,0
ITLT3214,1
ITLT3215,0
ITLT3216,0
ITLT3217,0
ITLT3218,0
ITLT3219,0
ITLT3220,0
ITLT3221,0
ITLT3222,0
ITLT3223,0
ITLT3224,1
ITLT3225,0
ITLT3226,0
ITLT3227,1
ITLT3228,1
ITLT3229,0
ITLT3230,1
ITLT3231,0
ITLT3232,0
ITLT3233,0
ITLT3234,0
ITLT3235,1
ITLT3236,1
ITLT3237,0
ITLT3238,0
ITLT3239,1
ITLT3240,0
ITLT3241,0
ITLT3242,1
ITLT3243,0
ITLT3244,0
ITLT3245,0
ITLT3246,0
ITLT3247,0
ITLT3248,0
ITLT3249,1
ITLT3250,0
ITLT3251,1
ITLT3252,0
ITLT3253,1
ITLT3254,0
ITLT3255,0
ITLT3256,1
ITLT3257,1
ITLT3258,0
ITLT3259,0
ITLT3260,0
ITLT3261,0
ITLT3262,0
ITLT3263,1
ITLT3264,1
ITLT3265,0
ITLT3266,0
ITLT3267,1
ITLT3268,0
ITLT3269,1
ITLT3270,0
ITLT3271,0
ITLT3272,0
ITLT3273,0
ITLT3274,0
ITLT3275,0
ITLT3276,0
ITLT3277,0
ITLT3278,0
ITLT3279,0
ITLT3280,0
ITLT3281,0
ITLT3282,0
ITLT3283,0
ITLT3284,0
ITLT3285,1
ITLT3286,0
ITLT3287,1
ITLT3288,0
ITLT3289,0
ITLT3290,0
ITLT3291,1
ITLT3292,0
ITLT3293,0
ITLT3294,1
ITLT3295,0
ITLT3296,0
ITLT3297,0
ITLT3298,1
ITLT3299,1
ITLT3300,1
ITLT3301,0
ITLT3302,0
ITLT3303,1
ITLT3304,0
ITLT3305,0
ITLT3306,0
ITLT3307,0
ITLT3308,0
ITLT3309,0
ITLT3310,0
ITLT3311,1
ITLT3312,0
ITLT3313,0
ITLT3314,1
ITLT3315,1
ITLT3316,0
ITLT3317,0
ITLT3318,1
ITLT3319,1
ITLT3320,0
ITLT3321,0
ITLT3322,0
ITLT3323,0
ITLT3324,0
ITLT3325,0
ITLT3326,0
ITLT3327,0
ITLT3328,1
ITLT3329,1
ITLT3330,0
ITLT3331,1
ITLT3332,1
ITLT3333,0
ITLT3334,0
ITLT3335,0
ITLT3336,0
ITLT3337,0
ITLT3338,1
ITLT3339,1
ITLT3340,0
ITLT3341,0
ITLT3342,0
ITLT3343,0
ITLT3344,0
ITLT3345,0
ITLT3346,1
ITLT3347,0
ITLT3348,0
ITLT3349,0
ITLT3350,0
ITLT3351,0
ITLT3352,0
ITLT3353,0
ITLT3354,0
ITLT3355,0
ITLT3356,1
ITLT3357,1
ITLT3358,0
ITLT3359,0
ITLT3360,0
ITLT3361,1
ITLT3362,0
ITLT3363,0
ITLT3364,0
ITLT3365,0
ITLT3366,1
ITLT3367,0
ITLT3368,1
ITLT3369,0
ITLT3370,0
ITLT3371,0
ITLT3372,0
ITLT3373,0
ITLT3374,0
ITLT3375,1
ITLT3376,0
ITLT3377,1
ITLT3378,0
ITLT3379,1
ITLT3380,0
ITLT3381,0
ITLT3382,0
ITLT3383,0
ITLT3384,0
ITLT3385,0
ITLT3386,0
ITLT3387,0
ITLT3388,0
ITLT3389,0
ITLT3390,0
ITLT3391,0
ITLT3392,1
ITLT3393,0
ITLT3394,0
ITLT3395,1
ITLT3396,0
ITLT3397,0
ITLT3398,0
ITLT3399,0
ITLT3400,0
ITLT3401,0
ITLT3402,1
ITLT3403,0
ITLT3404,1
ITLT3405,0
ITLT3406,0
ITLT3407,1
ITLT3408,1
ITLT3409,1
ITLT3410,0
ITLT3411,0
ITLT3412,0
ITLT3413,0
ITLT3414,0
ITLT3415,0
ITLT3416,1
ITLT3417,1
ITLT3418,1
ITLT3419,1
ITLT3420,1
ITLT3421,0
ITLT3422,1
ITLT3423,0
ITLT3424,0
ITLT3425,1
ITLT3426,0
ITLT3427,0
ITLT3428,0
ITLT3429,0
ITLT3430,1
ITLT3431,0
ITLT3432,0
ITLT3433,1
ITLT3434,1
ITLT3435,0
ITLT3436,0
ITLT3437,1
ITLT3438,0
ITLT3439,0
ITLT3440,0
ITLT3441,0
ITLT3442,1
ITLT3443,0
ITLT3444,0
ITLT3445,0
ITLT3446,1
ITLT3447,0
ITLT3448,0
ITLT3449,0
ITLT3450,0
ITLT3451,0
ITLT3452,0
ITLT3453,0
ITLT3454,0
ITLT3455,0
ITLT3456,0
ITLT3457,0
ITLT3458,0
ITLT3459,0
ITLT3460,0
ITLT3461,0
ITLT3462,0
ITLT3463,0
ITLT3464,0
ITLT3465,0
ITLT3466,0
ITLT3467,1
ITLT3468,1
ITLT3469,0
ITLT3470,0
ITLT3471,0
ITLT3472,0
ITLT3473,0
ITLT3474,0
ITLT3475,0
ITLT3476,0
ITLT3477,0
ITLT3478,0
ITLT3479,0
ITLT3480,0
ITLT3481,1
ITLT3482,0
ITLT3483,0
ITLT3484,0
ITLT3485,0
ITLT3486,0
ITLT3487,0
ITLT3488,0
ITLT3489,0
ITLT3490,0
ITLT3491,0
ITLT3492,1
ITLT3493,0
ITLT3494,1
ITLT3495,0
ITLT3496,0
ITLT3497,0
ITLT3498,1
ITLT3499,0
ITLT3500,0
ITLT3501,0
ITLT3502,0
ITLT3503,1
ITLT3504,1
ITLT3505,0
ITLT3506,0
ITLT3507,0
ITLT3508,0
ITLT3509,1
ITLT3510,1
ITLT3511,0
ITLT3512,1
ITLT3513,1
ITLT3514,0
ITLT3515,1
ITLT3516,1
ITLT3517,0
ITLT3518,1
ITLT3519,0
ITLT3520,0
ITLT3521,0
ITLT3522,0
ITLT3523,0
ITLT3524,0
ITLT3525,0
ITLT3526,0
ITLT3527,0
ITLT3528,0
ITLT3529,0
ITLT3530,0
ITLT3531,0
ITLT3532,0
ITLT3533,0
ITLT3534,0
ITLT3535,0
ITLT3536,1
ITLT3537,0
ITLT3538,0
ITLT3539,0
ITLT3540,0
ITLT3541,0
ITLT3542,0
ITLT3543,1
ITLT3544,0
ITLT3545,1
ITLT3546,0
ITLT3547,0
ITLT3548,1
ITLT3549,0
ITLT3550,0
ITLT3551,0
ITLT3552,0
ITLT3553,0
ITLT3554,1
ITLT3555,1
ITLT3556,0
ITLT3557,0
ITLT3558,1
ITLT3559,0
ITLT3560,1
ITLT3561,0
ITLT3562,0
ITLT3563,0
ITLT3564,1
ITLT3565,0
ITLT3566,1
ITLT3567,1
ITLT3568,1
ITLT3569,0
ITLT3570,1
ITLT3571,1
ITLT3572,1
ITLT3573,1
ITLT3574,0
ITLT3575,1
ITLT3576,0
ITLT3577,0
ITLT3578,1
ITLT3579,1
ITLT3580,0
ITLT3581,0
ITLT3582,0
ITLT3583,0
ITLT3584,0
ITLT3585,0
ITLT3586,0
ITLT3587,0
ITLT3588,0
ITLT3589,0
ITLT3590,0
ITLT3591,0
ITLT3592,0
ITLT3593,0
ITLT3594,1
ITLT3595,0
ITLT3596,0
ITLT3597,1
ITLT3598,0
ITLT3599,0
ITLT3600,0
ITLT3601,0
ITLT3602,0
ITLT3603,1
ITLT3604,0
ITLT3605,1
ITLT3606,0
ITLT3607,0
ITLT3608,0
ITLT3609,0
ITLT3610,1
ITLT3611,1
ITLT3612,0
ITLT3613,0
ITLT3614,0
ITLT3615,1
ITLT3616,0
ITLT3617,0
ITLT3618,1
ITLT3619,0
ITLT3620,1
ITLT3621,1
ITLT3622,0
ITLT3623,0
ITLT3624,0
ITLT3625,0
ITLT3626,0
ITLT3627,0
ITLT3628,0
ITLT3629,0
ITLT3630,0
ITLT3631,0
ITLT3632,0
ITLT3633,0
ITLT3634,1
ITLT3635,0
ITLT3636,0
ITLT3637,0
ITLT3638,0
ITLT3639,1
ITLT3640,0
ITLT3641,0
ITLT3642,0
ITLT3643,0
ITLT3644,0
ITLT3645,0
ITLT3646,0
ITLT3647,0
ITLT3648,0
ITLT3649,0
ITLT3650,0
ITLT3651,1
ITLT3652,0
ITLT3653,0
ITLT3654,0
ITLT3655,0
ITLT3656,0
ITLT3657,0
ITLT3658,0
ITLT3659,1
ITLT3660,0
ITLT3661,0
ITLT3662,0
ITLT3663,0
ITLT3664,0
ITLT3665,0
ITLT3666,0
ITLT3667,0
ITLT3668,1
ITLT3669,0
ITLT3670,0
ITLT3671,0
ITLT3672,0
ITLT3673,1
ITLT3674,0
ITLT3675,0
ITLT3676,0
ITLT3677,0
ITLT3678,0
ITLT3679,1
ITLT3680,0
ITLT3681,1
ITLT3682,1
ITLT3683,0
ITLT3684,0
ITLT3685,0
ITLT3686,0
ITLT3687,0
ITLT3688,0
ITLT3689,1
ITLT3690,0
ITLT3691,0
ITLT3692,0
ITLT3693,0
ITLT3694,0
ITLT3695,0
ITLT3696,0
ITLT3697,1
ITLT3698,1
ITLT3699,0
ITLT3700,0
ITLT3701,1
ITLT3702,0
ITLT3703,0
ITLT3704,0
ITLT3705,0
ITLT3706,1
ITLT3707,0
ITLT3708,0
ITLT3709,1
ITLT3710,0
ITLT3711,1
ITLT3712,0
ITLT3713,1
ITLT3714,0
ITLT3715,0
ITLT3716,0
ITLT3717,1
ITLT3718,0
ITLT3719,1
ITLT3720,0
ITLT3721,0
ITLT3722,0
ITLT3723,1
ITLT3724,1
ITLT3725,1
ITLT3726,1
ITLT3727,1
ITLT3728,0
ITLT3729,0
ITLT3730,0
ITLT3731,0
ITLT3732,0
ITLT3733,0
ITLT3734,0
ITLT3735,0
ITLT3736,0
ITLT3737,1
ITLT3738,0
ITLT3739,0
ITLT3740,1
ITLT3741,0
ITLT3742,0
ITLT3743,1
ITLT3744,0
ITLT3745,0
ITLT3746,0
ITLT3747,0
ITLT3748,1
ITLT3749,0
ITLT3750,0
ITLT3751,0
ITLT3752,0
ITLT3753,0
ITLT3754,0
ITLT3755,1
ITLT3756,0
ITLT3757,0
ITLT3758,0
ITLT3759,0
ITLT3760,1
ITLT3761,0
ITLT3762,0
ITLT3763,1
ITLT3764,0
ITLT3765,1
ITLT3766,1
ITLT3767,1
ITLT3768,1
ITLT3769,1
ITLT3770,0
ITLT3771,1
ITLT3772,0
ITLT3773,0
ITLT3774,1
ITLT3775,1
ITLT3776,0
ITLT3777,1
ITLT3778,1
ITLT3779,0
ITLT3780,0
ITLT3781,1
ITLT3782,0
ITLT3783,0
ITLT3784,0
ITLT3785,1
ITLT3786,1
ITLT3787,0
ITLT3788,1
ITLT3789,0
ITLT3790,0
ITLT3791,0
ITLT3792,0
ITLT3793,0
ITLT3794,0
ITLT3795,0
ITLT3796,0
ITLT3797,0
ITLT3798,1
ITLT3799,0
ITLT3800,0
ITLT3801,0
ITLT3802,0
ITLT3803,0
ITLT3804,0
ITLT3805,1
ITLT3806,1
ITLT3807,1
ITLT3808,0
ITLT3809,0
ITLT3810,0
ITLT3811,1
ITLT3812,0
ITLT3813,1
ITLT3814,0
ITLT3815,0
ITLT3816,1
ITLT3817,0
ITLT3818,1
ITLT3819,0
ITLT3820,0
ITLT3821,1
ITLT3822,0
ITLT3823,0
ITLT3824,1
ITLT3825,0
ITLT3826,0
ITLT3827,0
ITLT3828,0
ITLT3829,1
ITLT3830,1
ITLT3831,1
ITLT3832,0
ITLT3833,0
ITLT3834,1
ITLT3835,0
ITLT3836,0
ITLT3837,1
ITLT3838,1
ITLT3839,0
ITLT3840,0
ITLT3841,0
ITLT3842,1
ITLT3843,1
ITLT3844,1
ITLT3845,1
ITLT3846,0
ITLT3847,1
ITLT3848,0
ITLT3849,1
ITLT3850,0
ITLT3851,0
ITLT3852,0
ITLT3853,0
ITLT3854,0
ITLT3855,0
ITLT3856,0
ITLT3857,0
ITLT3858,1
ITLT3859,0
ITLT3860,0
ITLT3861,0
ITLT3862,1
ITLT3863,0
ITLT3864,0
ITLT3865,1
ITLT3866,0
ITLT3867,0
ITLT3868,0
ITLT3869,0
ITLT3870,0
ITLT3871,1
ITLT3872,0
ITLT3873,0
ITLT3874,1
ITLT3875,0
ITLT3876,1
ITLT3877,1
ITLT3878,1
ITLT3879,1
ITLT3880,0
ITLT3881,1
ITLT3882,1
ITLT3883,0
ITLT3884,0
ITLT3885,1
ITLT3886,0
ITLT3887,1
ITLT3888,1
ITLT3889,1
ITLT3890,1
ITLT3891,0
ITLT3892,1
ITLT3893,1
ITLT3894,0
ITLT3895,0
ITLT3896,0
ITLT3897,0
ITLT3898,1
ITLT3899,0
ITLT3900,0
ITLT3901,0
ITLT3902,1
ITLT3903,1
ITLT3904,0
ITLT3905,0
ITLT3906,0
ITLT3907,0
ITLT3908,0
ITLT3909,0
ITLT3910,0
ITLT3911,0
ITLT3912,0
ITLT3913,0
ITLT3914,0
ITLT3915,0
ITLT3916,1
ITLT3917,0
ITLT3918,0
ITLT3919,0
ITLT3920,0
ITLT3921,1
ITLT3922,0
ITLT3923,1
ITLT3924,1
ITLT3925,1
ITLT3926,0
ITLT3927,0
ITLT3928,0
ITLT3929,1
ITLT3930,0
ITLT3931,0
ITLT3932,1
ITLT3933,0
ITLT3934,1
ITLT3935,0
ITLT3936,0
ITLT3937,0
ITLT3938,1
ITLT3939,1
ITLT3940,0
ITLT3941,0
ITLT3942,1
ITLT3943,0
ITLT3944,0
ITLT3945,1
ITLT3946,0
ITLT3947,0
ITLT3948,1
ITLT3949,0
ITLT3950,0
ITLT3951,0
ITLT3952,0
ITLT3953,1
ITLT3954,0
ITLT3955,0
ITLT3956,0
ITLT3957,0
ITLT3958,0
ITLT3959,0
ITLT3960,0
ITLT3961,1
ITLT3962,0
ITLT3963,0
ITLT3964,1
ITLT3965,0
ITLT3966,1
ITLT3967,1
ITLT3968,0
ITLT3969,0
ITLT3970,0
ITLT3971,0
ITLT3972,0
ITLT3973,1
ITLT3974,0
ITLT3975,1
ITLT3976,1
ITLT3977,1
ITLT3978,0
ITLT3979,1
ITLT3980,1
ITLT3981,0
ITLT3982,0
ITLT3983,1
ITLT3984,1
ITLT3985,0
ITLT3986,0
ITLT3987,1
ITLT3988,1
ITLT3989,1
ITLT3990,0
ITLT3991,0
ITLT3992,0
ITLT3993,0
ITLT3994,0
ITLT3995,0
ITLT3996,0
ITLT3997,1
ITLT3998,1
ITLT3999,0
ITLT4000,0
ITLT4001,0
ITLT4002,1
ITLT4003,0
ITLT4004,0
ITLT4005,0
ITLT4006,0
ITLT4007,0
ITLT4008,0
ITLT4009,0
ITLT4010,0
ITLT4011,1
ITLT4012,0
ITLT4013,0
ITLT4014,0
ITLT4015,1
ITLT4016,0
ITLT4017,0
ITLT4018,1
ITLT4019,1
ITLT4020,0
ITLT4021,0
ITLT4022,1
ITLT4023,0
ITLT4024,1
ITLT4025,0
ITLT4026,0
ITLT4027,0
ITLT4028,0
ITLT4029,1
ITLT4030,0
ITLT4031,0
ITLT4032,0
ITLT4033,0
ITLT4034,0
ITLT4035,0
ITLT4036,0
ITLT4037,1
ITLT4038,0
ITLT4039,0
ITLT4040,0
ITLT4041,0
ITLT4042,1
ITLT4043,0
ITLT4044,0
ITLT4045,1
ITLT4046,0
ITLT4047,1
ITLT4048,0
ITLT4049,0
ITLT4051,0
ITLT4052,0
ITLT4053,0
ITLT4054,0
ITLT4055,1
ITLT4056,0
ITLT4057,0
ITLT4058,0
ITLT4059,0
ITLT4060,0
ITLT4061,0
ITLT4062,0
ITLT4063,0
ITLT4064,1
ITLT4065,1
ITLT4066,0
ITLT4067,1
ITLT4068,0
ITLT4069,0
ITLT4070,0
ITLT4071,0
ITLT4072,0
ITLT4073,1
ITLT4074,0
ITLT4075,1
ITLT4076,0
ITLT4077,1
ITLT4078,1
ITLT4079,0
ITLT4080,0
ITLT4081,1
ITLT4082,0
ITLT4083,0
ITLT4084,1
ITLT4085,0
ITLT4086,0
ITLT4087,0
ITLT4088,0
ITLT4089,1
ITLT4090,0
ITLT4091,1
ITLT4092,0
ITLT4093,0
ITLT4094,1
ITLT4095,0
ITLT4096,1
ITLT4097,1
ITLT4098,0
ITLT4099,0
ITLT4100,0
ITLT4101,1
ITLT4102,0
ITLT4103,0
ITLT4104,0
ITLT4105,0
ITLT4106,0
ITLT4107,0
ITLT4108,1
ITLT4109,0
ITLT4110,0
ITLT4111,0
ITLT4112,0
ITLT4113,1
ITLT4114,0
ITLT4115,0
ITLT4116,0
ITLT4117,0
ITLT4118,1
ITLT4119,0
ITLT4120,0
ITLT4121,0
ITLT4122,0
ITLT4123,0
ITLT4124,1
ITLT4125,1
ITLT4126,0
ITLT4127,0
ITLT4128,0
ITLT4129,0
ITLT4130,0
ITLT4131,0
ITLT4132,0
ITLT4133,0
ITLT4134,0
ITLT4135,0
ITLT4136,0
ITLT4137,1
ITLT4138,0
ITLT4139,1
ITLT4140,0
ITLT4141,0
ITLT4142,0
ITLT4143,0
ITLT4144,0
ITLT4145,0
ITLT4146,0
ITLT4147,0
ITLT4148,0
ITLT4149,0
ITLT4150,1
ITLT4151,0
ITLT4152,1
ITLT4153,0
ITLT4154,0
ITLT4155,0
ITLT4156,1
ITLT4157,0
ITLT4158,0
ITLT4159,0
ITLT4160,1
ITLT4161,0
ITLT4162,1
ITLT4163,0
ITLT4164,1
ITLT4165,0
ITLT4166,0
ITLT4167,0
ITLT4168,0
ITLT4169,0
ITLT4170,0
ITLT4171,0
ITLT4172,0
ITLT4173,0
ITLT4174,1
ITLT4175,1
ITLT4176,0
ITLT4177,0
ITLT4178,0
ITLT4179,0
ITLT4180,1
ITLT4181,0
ITLT4182,0
ITLT4183,0
ITLT4184,0
ITLT4185,0
ITLT4186,0
ITLT4187,0
ITLT4188,1
ITLT4189,0
ITLT4190,0
ITLT4191,0
ITLT4192,0
ITLT4193,1
ITLT4194,0
ITLT4195,0
ITLT4196,0
ITLT4197,1
ITLT4198,1
ITLT4199,0
ITLT4200,0
ITLT4201,0
ITLT4202,1
ITLT4203,1
ITLT4204,0
ITLT4205,0
ITLT4206,0
ITLT4207,0
ITLT4208,0
ITLT4209,0
ITLT4210,0
ITLT4211,0
ITLT4212,0
ITLT4213,0
ITLT4214,0
ITLT4215,0
ITLT4216,1
ITLT4217,0
ITLT4218,0
ITLT4219,0
ITLT4220,0
ITLT4221,0
ITLT4222,0
ITLT4223,0
ITLT4224,1
ITLT4225,0
ITLT4226,0
ITLT4227,1
ITLT4228,0
ITLT4229,0
ITLT4230,0
ITLT4231,1
ITLT4232,0
ITLT4233,0
ITLT4234,1
ITLT4235,0
ITLT4236,0
ITLT4237,0
ITLT4238,0
ITLT4239,0
ITLT4240,1
ITLT4241,0
ITLT4242,1
ITLT4243,1
ITLT4244,0
ITLT4245,0
ITLT4246,1
ITLT4247,0
ITLT4248,1
ITLT4249,0
ITLT4250,0
ITLT4251,1
ITLT4252,0
ITLT4253,0
ITLT4254,1
ITLT4255,0
ITLT4256,0
ITLT4257,1
ITLT4258,1
ITLT4259,0
ITLT4260,0
ITLT4261,0
ITLT4262,1
ITLT4263,0
ITLT4264,0
ITLT4265,0
ITLT4266,1
ITLT4267,0
ITLT4268,1
ITLT4269,0
ITLT4270,1
ITLT4271,0
ITLT4272,0
ITLT4273,1
ITLT4274,0
ITLT4275,0
ITLT4276,0
ITLT4277,0
ITLT4278,0
ITLT4279,0
ITLT4280,1
ITLT4281,0
ITLT4282,0
ITLT4283,0
ITLT4284,0
ITLT4285,0
ITLT4286,0
ITLT4287,0
ITLT4288,1
ITLT4289,0
ITLT4290,0
ITLT4291,1
ITLT4292,0
ITLT4293,1
ITLT4294,0
ITLT4295,0
ITLT4296,1
ITLT4297,1
ITLT4298,0
ITLT4299,0
ITLT4300,1
ITLT4301,0
ITLT4302,0
ITLT4303,0
ITLT4304,0
ITLT4305,0
ITLT4306,0
ITLT4307,0
ITLT4308,0
ITLT4309,1
ITLT4310,0
ITLT4311,1
ITLT4312,1
ITLT4313,1
ITLT4314,0
ITLT4315,0
ITLT4316,0
ITLT4317,0
ITLT4318,0
ITLT4319,1
ITLT4320,0
ITLT4321,0
ITLT4322,1
ITLT4323,0
ITLT4324,1
ITLT4325,0
ITLT4326,0
ITLT4327,0
ITLT4328,0
ITLT4329,1
ITLT4330,0
ITLT4331,0
ITLT4332,1
ITLT4333,0
ITLT4334,0
ITLT4335,1
ITLT4336,1
ITLT4337,1
ITLT4338,1
ITLT4339,0
ITLT4340,1
ITLT4341,0
ITLT4342,0
ITLT4343,0
ITLT4344,0
ITLT4345,0
ITLT4346,1
ITLT4347,1
ITLT4348,1
ITLT4349,0
ITLT4350,0
ITLT4351,1
ITLT4352,1
ITLT4353,0
ITLT4354,1
ITLT4355,1
ITLT4356,0
ITLT4357,1
ITLT4358,1
ITLT4359,0
ITLT4360,0
ITLT4361,0
ITLT4362,0
ITLT4363,0
ITLT4364,0
ITLT4365,0
ITLT4366,0
ITLT4367,0
ITLT4368,0
ITLT4369,0
ITLT4370,1
ITLT4371,0
ITLT4372,1
ITLT4373,1
ITLT4374,0
ITLT4375,1
ITLT4376,0
ITLT4377,1
ITLT4378,0
ITLT4379,1
ITLT4380,1
ITLT4381,1
ITLT4382,1
ITLT4383,0
ITLT4384,0
ITLT4385,0
ITLT4386,0
ITLT4387,1
ITLT4388,0
ITLT4389,0
ITLT4390,1
ITLT4391,0
ITLT4392,0
ITLT4393,1
ITLT4394,0
ITLT4395,0
ITLT4396,0
ITLT4397,0
ITLT4398,0
ITLT4399,1
ITLT4400,0
ITLT4401,1
ITLT4402,0
ITLT4403,0
ITLT4404,0
ITLT4405,0
ITLT4406,0
ITLT4407,0
ITLT4408,0
ITLT4409,0
ITLT4410,1
ITLT4411,0
ITLT4412,1
ITLT4413,1
ITLT4414,0
ITLT4415,0
ITLT4416,0
ITLT4417,1
ITLT4418,0
ITLT4419,1
ITLT4420,0
ITLT4421,0
ITLT4422,0
ITLT4423,1
ITLT4424,0
ITLT4425,1
ITLT4426,0
ITLT4427,0
ITLT4428,1
ITLT4429,0
ITLT4430,1
ITLT4431,0
ITLT4432,1
ITLT4433,0
ITLT4434,0
ITLT4435,0
ITLT4436,0
ITLT4437,1
ITLT4438,0
ITLT4439,1
ITLT4440,0
ITLT4441,0
ITLT4442,0
ITLT4443,0
ITLT4444,1
ITLT4445,0
ITLT4446,0
ITLT4447,0
ITLT4448,0
ITLT4449,1
ITLT4450,0
ITLT4451,0
ITLT4452,0
ITLT4453,0
ITLT4454,1
ITLT4455,0
ITLT4456,1
ITLT4457,1
ITLT4458,0
ITLT4459,0
ITLT4460,0
ITLT4461,0
ITLT4462,0
ITLT4463,0
ITLT4464,1
ITLT4465,0
ITLT4466,0
ITLT4467,0
ITLT4468,0
ITLT4469,0
ITLT4470,0
ITLT4471,1
ITLT4472,0
ITLT4473,0
ITLT4474,0
ITLT4475,1
ITLT4476,0
ITLT4477,0
ITLT4478,0
ITLT4479,0
ITLT4480,0
ITLT4481,0
ITLT4482,0
ITLT4483,0
ITLT4484,0
ITLT4485,0
ITLT4486,0
ITLT4487,1
ITLT4488,0
ITLT4489,0
ITLT4490,1
ITLT4491,0
ITLT4492,1
ITLT4493,0
ITLT4494,0
ITLT4495,1
ITLT4496,1
ITLT4497,0
ITLT4498,1
ITLT4499,1
ITLT4500,0
ITLT4501,0
ITLT4502,1
ITLT4503,0
ITLT4504,0
ITLT4505,1
ITLT4506,0
ITLT4507,0
ITLT4508,0
ITLT4509,0
ITLT4510,1
ITLT4511,0
ITLT4512,0
ITLT4513,1
ITLT4514,1
ITLT4515,0
ITLT4516,1
ITLT4517,1
ITLT4518,1
ITLT4519,0
ITLT4520,1
ITLT4521,1
ITLT4522,0
ITLT4523,0
ITLT4524,1
ITLT4525,0
ITLT4526,0
ITLT4527,1
ITLT4528,0
ITLT4529,0
ITLT4530,1
ITLT4531,0
ITLT4532,0
ITLT4533,0
ITLT4534,0
ITLT4535,0
ITLT4536,1
ITLT4537,0
ITLT4538,0
ITLT4539,1
ITLT4540,0
ITLT4541,0
ITLT4542,0
ITLT4543,1
ITLT4544,0
ITLT4545,0
ITLT4546,0
ITLT4547,0
ITLT4548,0
ITLT4549,0
ITLT4550,0
ITLT4551,0
ITLT4552,0
ITLT4553,0
ITLT4554,0
ITLT4555,1
ITLT4556,0
ITLT4557,0
ITLT4558,0
ITLT4559,0
ITLT4560,1
ITLT4561,1
ITLT4562,0
ITLT4563,0
ITLT4564,1
ITLT4565,0
ITLT4566,0
ITLT4567,0
ITLT4568,1
ITLT4569,0
ITLT4570,0
ITLT4571,0
ITLT4572,0
ITLT4573,0
ITLT4574,1
ITLT4575,1
ITLT4576,0
ITLT4577,1
ITLT4578,0
ITLT4579,0
ITLT4580,0
ITLT4581,1
ITLT4582,1
ITLT4583,0
ITLT4584,0
ITLT4585,1
ITLT4586,0
ITLT4587,0
ITLT4588,0
ITLT4589,0
ITLT4590,0
ITLT4591,1
ITLT4592,1
ITLT4593,0
ITLT4594,0
ITLT4595,1
ITLT4596,1
ITLT4597,0
ITLT4598,0
ITLT4599,1
ITLT4600,0
ITLT4601,0
ITLT4602,0
ITLT4603,0
ITLT4604,0
ITLT4605,0
ITLT4606,1
ITLT4607,0
ITLT4608,1
ITLT4609,0
ITLT4610,1
ITLT4611,0
ITLT4612,1
ITLT4613,0
ITLT4614,1
ITLT4615,0
ITLT4616,0
ITLT4617,0
ITLT4618,0
ITLT4619,0
ITLT4620,0
ITLT4621,0
ITLT4622,0
ITLT4623,1
ITLT4624,0
ITLT4625,0
ITLT4626,0
ITLT4627,1
ITLT4628,0
ITLT4629,0
ITLT4630,1
ITLT4631,0
ITLT4632,1
ITLT4633,0
ITLT4634,1
ITLT4635,0
ITLT4636,0
ITLT4637,0
ITLT4638,0
ITLT4639,0
ITLT4640,0
ITLT4641,0
ITLT4642,0
ITLT4643,1
ITLT4644,0
ITLT4645,0
ITLT4646,0
ITLT4647,1
ITLT4649,0
ITLT4650,1
ITLT4651,0
ITLT4652,0
ITLT4653,1
ITLT4654,1
ITLT4655,0
ITLT4656,0
ITLT4657,0
ITLT4658,0
ITLT4659,0
ITLT4660,0
ITLT4661,0
ITLT4662,1
ITLT4663,0
ITLT4664,0
ITLT4665,1
ITLT4666,0
ITLT4667,1
ITLT4668,0
ITLT4669,0
ITLT4670,0
ITLT4671,1
ITLT4672,0
ITLT4673,0
ITLT4674,0
ITLT4675,0
ITLT4676,1
ITLT4677,1
ITLT4678,0
ITLT4679,0
ITLT4680,0
ITLT4681,0
ITLT4682,0
ITLT4683,0
ITLT4684,0
ITLT4685,0
ITLT4686,1
ITLT4687,1
ITLT4688,1
ITLT4689,0
ITLT4690,0
ITLT4691,0
ITLT4692,0
ITLT4693,0
ITLT4694,0
ITLT4695,1
ITLT4696,1
ITLT4697,1
ITLT4698,0
ITLT4699,1
ITLT4700,0
ITLT4701,0
ITLT4702,0
ITLT4703,0
ITLT4704,0
ITLT4705,0
ITLT4706,1
ITLT4707,0
ITLT4708,0
ITLT4709,1
ITLT4710,0
ITLT4711,0
ITLT4712,0
ITLT4713,0
ITLT4714,1
ITLT4715,1
ITLT4716,0
ITLT4717,1
ITLT4718,0
ITLT4719,0
ITLT4720,0
ITLT4721,0
ITLT4722,0
ITLT4723,1
ITLT4724,0
ITLT4725,0
ITLT4726,0
ITLT4727,0
ITLT4728,1
ITLT4729,0
ITLT4730,0
ITLT4731,0
ITLT4732,0
ITLT4733,0
ITLT4734,1
ITLT4735,0
ITLT4736,0
ITLT4737,0
ITLT4738,0
ITLT4739,0
ITLT4740,1
ITLT4741,0
ITLT4742,0
ITLT4743,0
ITLT4744,0
ITLT4745,1
ITLT4746,0
ITLT4747,0
ITLT4748,0
ITLT4749,1
ITLT4750,0
ITLT4751,0
ITLT4752,1
ITLT4753,0
ITLT4754,0
ITLT4755,0
ITLT4756,0
ITLT4757,0
ITLT4758,1
ITLT4759,0
ITLT4760,0
ITLT4761,0
ITLT4762,0
ITLT4763,0
ITLT4764,0
ITLT4765,0
ITLT4766,0
ITLT4767,1
ITLT4768,0
ITLT4769,1
ITLT4770,0
ITLT4771,0
ITLT4772,0
ITLT4773,0
ITLT4774,0
ITLT4775,1
ITLT4776,0
ITLT4777,0
ITLT4778,1
ITLT4779,0
ITLT4780,0
ITLT4781,0
ITLT4782,0
ITLT4783,0
ITLT4784,0
ITLT4785,0
ITLT4786,0
ITLT4787,1
ITLT4788,0
ITLT4789,0
ITLT4790,0
ITLT4791,0
ITLT4792,0
ITLT4793,0
ITLT4794,0
ITLT4795,0
ITLT4796,0
ITLT4797,0
ITLT4798,1
ITLT4799,0
ITLT4800,1
ITLT4801,0
ITLT4802,0
ITLT4803,0
ITLT4804,0
ITLT4805,0
ITLT4806,0
ITLT4807,0
ITLT4808,0
ITLT4809,0
ITLT4810,0
ITLT4811,0
ITLT4812,1
ITLT4813,1
ITLT4814,0
ITLT4815,0
ITLT4816,1
ITLT4817,1
ITLT4818,0
ITLT4819,0
ITLT4820,0
ITLT4821,1
ITLT4822,0
ITLT4823,0
ITLT4824,1
ITLT4825,0
ITLT4826,1
ITLT4827,1
ITLT4828,1
ITLT4829,1
ITLT4830,0
ITLT4831,0
ITLT4832,1
ITLT4833,1
ITLT4834,0
ITLT4835,0
ITLT4836,0
ITLT4837,1
ITLT4838,0
ITLT4839,1
ITLT4840,0
ITLT4841,0
ITLT4842,1
ITLT4843,0
ITLT4844,0
ITLT4845,1
ITLT4846,1
ITLT4847,0
ITLT4848,0
ITLT4849,0
ITLT4850,0
ITLT4851,1
ITLT4852,1
ITLT4853,1
ITLT4854,1
ITLT4855,0
ITLT4856,0
ITLT4857,0
ITLT4858,0
ITLT4859,0
ITLT4860,0
ITLT4861,0
ITLT4862,0
ITLT4863,0
ITLT4864,1
ITLT4865,0
ITLT4866,0
ITLT4867,0
ITLT4868,0
ITLT4869,0
ITLT4870,0
ITLT4871,1
ITLT4872,1
ITLT4873,0
ITLT4874,0
ITLT4875,0
ITLT4876,1
ITLT4877,0
ITLT4878,0
ITLT4879,0
ITLT4880,0
ITLT4881,1
ITLT4882,0
ITLT4883,1
ITLT4884,0
ITLT4885,0
ITLT4886,1
ITLT4887,1
ITLT4888,0
ITLT4889,1
ITLT4890,0
ITLT4891,0
ITLT4892,0
ITLT4893,1
ITLT4894,1
ITLT4895,0
ITLT4896,0
ITLT4897,1
ITLT4898,1
ITLT4899,1
ITLT4900,0
ITLT4901,1
ITLT4902,1
ITLT4903,0
ITLT4904,0
ITLT4905,0
ITLT4906,0
ITLT4907,1
ITLT4908,0
ITLT4909,1
ITLT4910,1
ITLT4911,0
ITLT4912,0
ITLT4913,0
ITLT4914,0
ITLT4915,0
ITLT4916,0
ITLT4917,1
ITLT4918,1
ITLT4919,1
ITLT4920,1
ITLT4921,0
ITLT4922,0
ITLT4923,0
ITLT4924,1
ITLT4925,0
ITLT4926,0
ITLT4927,0
ITLT4928,0
ITLT4929,0
ITLT4930,0
ITLT4931,1
ITLT4932,1
ITLT4933,0
ITLT4934,0
ITLT4935,1
ITLT4936,0
ITLT4937,1
ITLT4938,1
ITLT4939,1
ITLT4940,1
ITLT4941,0
ITLT4942,0
ITLT4943,0
ITLT4944,0
ITLT4945,0
ITLT4946,0
ITLT4947,0
ITLT4948,1
ITLT4949,0
ITLT4950,1
ITLT4951,1
ITLT4952,0
ITLT4953,1
ITLT4954,1
ITLT4955,0
ITLT4956,0
ITLT4957,0
ITLT4958,0
ITLT4959,0
ITLT4960,1
ITLT4961,0
ITLT4962,0
ITLT4963,0
ITLT4964,0
ITLT4965,1
ITLT4966,0
ITLT4967,1
ITLT4968,0
ITLT4969,1
ITLT4970,0
ITLT4971,0
ITLT4972,0
ITLT4973,0
ITLT4974,0
ITLT4975,0
ITLT4976,1
ITLT4977,0
ITLT4978,0
ITLT4979,0
ITLT4980,0
ITLT4981,0
ITLT4982,0
ITLT4983,0
ITLT4984,0
ITLT4985,1
ITLT4986,0
ITLT4987,0
ITLT4988,1
ITLT4989,1
ITLT4990,0
ITLT4991,0
ITLT4992,0
ITLT4993,0
ITLT4994,0
ITLT4995,1
ITLT4996,0
ITLT4997,0
ITLT4998,1
ITLT4999,0
ITLT5000,0
ITLT5001,0
ITLT5002,0
ITLT5003,0
ITLT5004,1
ITLT5005,1
ITLT5006,0
ITLT5007,0
ITLT5008,0
ITLT5009,0
ITLT5010,0
ITLT5011,1
ITLT5012,0
ITLT5013,0
ITLT5014,0
ITLT5015,1
ITLT5016,1
ITLT5017,0
ITLT5018,0
ITLT5019,0
ITLT5020,0
ITLT5021,0
ITLT5022,1
ITLT5023,1
ITLT5024,0
ITLT5025,0
ITLT5026,1
ITLT5027,0
ITLT5028,0
ITLT5029,0
ITLT5030,1
ITLT5031,1
ITLT5032,0
ITLT5033,0
ITLT5034,0
ITLT5035,0
ITLT5036,0
ITLT5037,0
ITLT5038,1
ITLT5039,1
ITLT5040,0
ITLT5041,0
ITLT5042,0
ITLT5043,1
ITLT5044,0
ITLT5045,0
ITLT5046,0
ITLT5047,1
ITLT5048,1
ITLT5049,0
ITLT5050,0
ITLT5051,0
ITLT5052,0
ITLT5053,1
ITLT5054,0
ITLT5055,0
ITLT5056,0
ITLT5057,0
ITLT5058,1
ITLT5059,0
ITLT5060,1
ITLT5061,0
ITLT5062,0
ITLT5063,1
ITLT5064,1
ITLT5065,0
ITLT5066,0
ITLT5067,1
ITLT5068,0
ITLT5069,0
ITLT5070,0
ITLT5071,0
ITLT5072,0
ITLT5073,1
ITLT5074,1
ITLT5075,1
ITLT5076,0
ITLT5077,1
ITLT5078,0
ITLT5079,0
ITLT5080,0
ITLT5081,0
ITLT5082,0
ITLT5083,0
ITLT5084,0
ITLT5085,0
ITLT5086,0
ITLT5087,0
ITLT5088,1
ITLT5089,0
ITLT5090,0
ITLT5091,0
ITLT5092,1
ITLT5093,0
ITLT5094,0
ITLT5095,0
ITLT5096,0
ITLT5097,0
ITLT5098,0
ITLT5099,1
ITLT5100,0
ITLT5101,0
ITLT5102,1
ITLT5103,0
ITLT5104,1
ITLT5105,0
ITLT5106,0
ITLT5107,0
ITLT5108,0
ITLT5109,0
ITLT5110,0
ITLT5111,0
ITLT5112,0
ITLT5113,0
ITLT5114,0
ITLT5115,0
ITLT5116,0
ITLT5117,0
ITLT5118,0
ITLT5119,0
ITLT5120,1
ITLT5121,0
ITLT5122,0
ITLT5123,1
ITLT5124,0
ITLT5125,0
ITLT5126,1
ITLT5127,1
ITLT5128,0
ITLT5129,1
ITLT5130,0
ITLT5131,0
ITLT5132,1
ITLT5133,0
ITLT5134,1
ITLT5135,0
ITLT5136,0
ITLT5137,0
ITLT5138,0
ITLT5139,0
ITLT5140,1
ITLT5141,0
ITLT5142,1
ITLT5143,0
ITLT5144,0
ITLT5145,0
ITLT5146,0
ITLT5147,0
ITLT5148,1
ITLT5149,1
ITLT5150,1
ITLT5151,0
ITLT5152,0
ITLT5153,1
ITLT5154,0
ITLT5155,0
ITLT5156,1
ITLT5157,0
ITLT5158,0
ITLT5159,0
ITLT5160,0
ITLT5161,0
ITLT5162,0
ITLT5163,0
ITLT5164,0
ITLT5165,1
ITLT5166,1
ITLT5167,0
ITLT5168,0
ITLT5169,0
ITLT5170,0
ITLT5171,0
ITLT5172,1
ITLT5173,0
ITLT5174,1
ITLT5175,0
ITLT5176,0
ITLT5177,0
ITLT5178,0
ITLT5179,0
ITLT5180,1
ITLT5181,0
ITLT5182,1
ITLT5183,0
ITLT5184,0
ITLT5185,0
ITLT5186,1
ITLT5187,1
ITLT5188,1
ITLT5189,0
ITLT5190,1
ITLT5191,0
ITLT5192,0
ITLT5193,0
ITLT5194,0
ITLT5195,0
ITLT5196,1
ITLT5197,1
ITLT5198,1
ITLT5199,0
ITLT5200,0
ITLT5201,1
ITLT5202,1
ITLT5203,0
ITLT5204,1
ITLT5205,0
ITLT5206,1
ITLT5207,1
ITLT5208,0
ITLT5209,0
ITLT5210,0
ITLT5211,0
ITLT5212,1
ITLT5213,1
ITLT5214,1
ITLT5215,0
ITLT5216,0
ITLT5217,0
ITLT5218,0
ITLT5219,1
ITLT5220,0
ITLT5221,0
ITLT5222,0
ITLT5223,0
ITLT5224,0
ITLT5225,1
ITLT5226,0
ITLT5227,0
ITLT5228,1
ITLT5229,0
ITLT5230,1
ITLT5231,0
ITLT5232,0
ITLT5233,0
ITLT5234,0
ITLT5235,0
ITLT5236,0
ITLT5237,0
ITLT5238,0
ITLT5239,1
ITLT5240,1
ITLT5241,0
ITLT5242,0
ITLT5243,0
ITLT5244,0
ITLT5245,0
ITLT5246,1
ITLT5247,0
ITLT5248,1
ITLT5249,0
ITLT5250,0
ITLT5251,0
ITLT5252,0
ITLT5253,0
ITLT5254,0
ITLT5255,0
ITLT5256,0
ITLT5257,0
ITLT5258,0
ITLT5259,0
ITLT5260,0
ITLT5261,0
ITLT5262,0
ITLT5263,0
ITLT5264,0
